question,answer,document
"Какие требования устанавливаются к составу и содержанию документации по удалению затонувшего имущества?","-","-"
"Какие основные показатели оценки офертов на строительство производственных объектов указаны в ГОСТ МДС 80-3.2000?","-","-"
"Какая сумма привлеченных денежных средств считается особо крупным размером?","-","-"
"Что влечет наложение административного штрафа на должностных лиц за нарушение порядка предоставления обеспечения исполнения обязательств по оплате энергоресурсов?","-","-"
"Какие требования предъявляются к прочности закрепленных грунтов при однорастворной двухкомпонентной силикатизации на основе раствора силиката натрия и ортофосфорной кислоты согласно ГОСТ (к СНиП 3.02.01-83)?","-","-"
"Какова цель технического обслуживания и текущего ремонта зданий и сооружений, согласно статье 55.24, раздел 8?","-","-"
"Что происходит с потерями бюджета в связи с получением средств ниже расчетного объема дотации?","-","-"
"Что означает ""особыми условиями"" в контексте сдачи в аренду земельных участков и других обособленных природных объектов?","-","-"
"Какие меры наказания за нарушение соглашения о недопущении конкуренции указаны в ГОСТ МДС 80-2.2000?","-","-"
"Какие органы имеют право рассматривать дела об административных правонарушениях, предусмотренных статьей 15.12.1 КоАП РФ?","-","-"
"Какое максимальное число баллов по показателю 'цена' рекомендуется устанавливать согласно ГОСТ МДС 80-3.2000?","-","-"
"Как производится усыновление ребенка иностранными гражданами или лицами без гражданства, состоящими в браке с гражданами Российской Федерации?","-","-"
"Что такое коллективный трудовой спор?","-","-"
"Какие процедуры могут предшествовать заключению трудового договора с руководителем организации?","-","-"
"Как исчисляются ввозные таможенные пошлины, налоги, специальные, антидемпинговые, компенсационные пошлины при помещении продуктов переработки под таможенную процедуру выпуска для внутреннего потребления?","-","-"
"Что такое государственная собственность в Российской Федерации?","-","-"
"Кто одобрил Методические рекомендации по разработке технической части тендерной документации и оферты претендента?","-","-"
"Что грозит за непредставление или несвоевременное представление сведений, предусмотренных антимонопольным законодательством Российской Федерации?","-","-"
"Какие участки трубопроводов подлежат замене, согласно ГОСТ МДС 13-18.2000?","-","-"
"Какие примеры нематериальных активов приведены в тексте?","-","-"
"Как компенсируется ущерб Исполнителю в случае несвоевременной оплаты или необоснованного отказа от оплаты выполненных работ в ГОСТ МДС 11-11.2000?","-","-"
"Какие данные об инвентарном номере и каталожном листе должны быть указаны в форме 5?","-","-"
"Что такое заключение под стражу?","-","-"
"Как долго может длиться процедура отбора лучшего предложения, согласно ГОСТ МДС 11-11.2000?","-","-"
"Что происходит с патентной пошлиной после отзыва заявления об открытой лицензии?","-","-"
"Какая площадь бетоносмесителей должна быть предусмотрена согласно ГОСТ МДС-80-8.2000?","-","-"
"Как определяются затраты на получение исходных данных и согласования по проектным решениям согласно МДС 81-30.2002?","-","-"
"Какие административные правонарушения относятся к категории нарушений законодательства об охране здоровья граждан?","-","-"
"Как согласно СНиП 3.01.03-84 устанавливаются анкерные блоки и закладные детали?","-","-"
"Какой телефон указан для бесплатной юридическая консультации в регионах России?","-","-"
"В каких условиях содержатся осужденные к аресту?","-","-"
"В каких случаях таможенный орган отказывает в выпуске товаров при предварительном декларировании?","-","-"
"Что такое процессуальное решение по определению статьи 33?","-","-"
"Что означает знак 5.22?","-","-"
"Какие ГОСТы или СНиПы регламентируют расчет затрат на эксплуатацию строительных машин?","-","-"
"Какие требования МДС 14-13.2000 предъявляет к площади прочих помещений?","-","-"
"Какие преступления относятся к уголовным делам частного обвинения?","-","-"
"Какие министерства и ведомства утверждают ценники на медицинское оборудование согласно ГОСТ МДС 81-8.2000?","-","-"
"Какие разделы включены в проектные работы для трибун с подтрибунными помещениями согласно СНиП?","-","-"
"Какой метод следует использовать для измерения крена зданий и сооружений сложной геометрической формы в СНиП 3.01.03-84?","-","-"
"Какие операции включаются в управление остатками средств на едином счете бюджета территориального внебюджетного фонда?","-","-"
"Что включается в состав обосновывающих материалов к сводному расчету затрат российских организаций в смешанных ценах?","-","-"
"Какое определение выносит суд о замене ненадлежащего административного ответчика?","-","-"
"Что происходит, если представляемый одобряет сделку, заключенную неуполномоченным лицом?","-","-"
"Как устанавливаются порядок и формы внесения авансовых платежей?","-","-"
"Какие административные правонарушения рассматривает федеральный орган исполнительной власти, осуществляющий федеральный государственный карантинный фитосанитарный надзор, государственный надзор в области безопасного обращения с пестицидами и агрохимикатами и государственный земельный надзор (в отношении использования и охраны земель сельскохозяйственного назначения)?","-","-"
"Какой телефон доступен для бесплатной юридической консультации в регионах России?","-","-"
"Какие сведения должен содержать опросник согласно ГОСТ МДС 80-5.2000?","-","-"
"Какой порядок уведомления лица о проведении проверки таможенных документов и сведений после выпуска товаров?","-","-"
"В каких случаях трудовой договор прекращается, если невозможно перевести работника с его письменного согласия на другую имеющуюся у работодателя работу?","-","-"
"Какие требования к неравномерности естественного освещения приведены в ГОСТ МДС 31-8.2002?","-","-"
"Какое Положение о применении финансовых санкций Государственной жилищной инспекцией содержится в МДС 17-13.2000?","-","-"
"Что такое транспортное средство и какие виды транспортных средств существуют?","-","-"
"Какие особенности содержания дирекции при сооружении объектов за счет государственных централизованных капитальных вложений? (ГОСТ не указан)","-","-"
"Какие исключения существуют для применения ГЭСН?","-","-"
"Какие сроки давности привлечения к административной ответственности предусмотрены за нарушение законодательства о государственном регулировании деятельности по организации и проведению азартных игр?","-","-"
"Как формируется перечень внутренних водных путей?","-","-"
"Какие объекты органов государственной власти и управления исключаются из графиков временного отключения электрической энергии согласно ГОСТ МДС 13-19.2001?","-","-"
"Что входит в правовое регулирование трудовых отношений по подготовке и дополнительному профессиональному образованию работников?","-","-"
"Какие работы следует провести для влажной уборки помещения чердака согласно ГОСТ МДС 13-18.2000?","-","-"
"Что означает возможность таможенного декларирования товаров, незаконно перемещенных через таможенную границу Союза?","-","-"
"Какие услуги включены в пункт 4 перечня продукции и услуг проектного института согласно ГОСТ МДС 11-11.2000?","-","-"
"Что допускается без согласия автора или иного правообладателя и без выплаты вознаграждения в целях создания пародий и карикатур?","-","-"
"Какие материалы используются для гидроизоляции полов рубероидом согласно СНиП?","-","-"
"Какой вид исправительного учреждения и режим должны быть определены подсудимому при назначении ему наказания в виде лишения свободы?","-","-"
"Какие работы по смене ветхих венцов бревенчатых или брусчатых стен (до 20% общей поверхности стен) описаны в ГОСТ МДС 14-13.2000?","-","-"
"Какие действия может дознаватель обжаловать?","-","-"
"Какие виды технического обслуживания и ремонта предусмотрены для железнодорожных кранов?","-","-"
"Какая ответственность возлагается на лицо, выпустившее бездокументарную ценную бумагу, и лицо, осуществляющее учет прав на такие ценные бумаги, за убытки, причиненные в результате нарушения порядка учета прав?","-","-"
"Какой индекс изменения стоимости СМР был в Кировской области в IV кв. 1992 г. по сравнению с базисным уровнем на 01.01.91 согласно МДС 81-9.2000?","-","-"
"Какой разряд зрительной работы установлен для помещений для работы с видеоматериалами согласно ГОСТ МДС 31-8.2002?","-","-"
"Как расширяется набор основных и вспомогательных помещений в физкультурно-оздоровительных сооружениях согласно МДС 35-7.2000?","-","-"
"Какие меры поощрения могут применять начальники отрядов?","-","-"
"Когда подлежит исполнению обязанность по уплате ввозных таможенных пошлин, налогов при единовременной уплате?","-","-"
"Какие знаки предназначены для заложения в капитальные сооружения в Приложении 5 к СНиП 3.01.03-84?","-","-"
"На каких условиях товарищество собственников жилья может получить кредиты от банков?","-","-"
"Какие документы необходимы для возмещения суммы акциза, уплаченной при вывозе подакцизных товаров за пределы территории Российской Федерации?","-","-"
"Что включает в себя лицензионный договор о предоставлении права использования произведения?","-","-"
"С какого момента начинаются сроки выпуска товаров при предварительном таможенном декларировании?","-","-"
"Какие действия предполагаются при устранении отдельных свищей в стенах проходных каналах и заделке отдельных выпадающих кирпичей согласно ГОСТ МДС 14-13.2000?","-","-"
"Что означает передача товаров подрядчику (субподрядчику) или иному лицу, которые будут осуществлять строительные и (или) монтажные подрядные работы на территории свободного склада?","-","-"
"Что такое код главного администратора доходов бюджета?","-","-"
"Как сравнивается сумма резерва по сомнительным долгам с суммой остатка резерва?","-","-"
"Что происходит с юридическими лицами, созданными в результате реорганизации, если они недобросовестно способствовали принятию решения о реорганизации?","-","-"
"Какую ответственность несет саморегулируемая организация по обязательствам своих членов в рамках компенсационного фонда обеспечения договорных обязательств?","-","-"
"Что определяет порядок укомплектования буксируемого объекта экипажем?","-","-"
"Какие сведения о местоположении, площади и границах территории комплексного развития должны быть включены в договор?","-","-"
"Что вправе совершать представитель иностранного государства от имени представляемого им иностранного государства?","-","-"
"Какие права переходят к страховщику при страховании имущества в полной стоимости?","-","-"
"Какова пеня за несвоевременное внесение платы за пользование водным объектом?","-","-"
"Какой штраф налагается на должностных лиц за непредставление информации для ведения реестра владельцев ценных бумаг хозяйственным обществом, имеющим стратегическое значение для оборонно-промышленного комплекса и безопасности Российской Федерации?","-","-"
"Какие доходы по договорам займа, привлеченным для финансирования добычи углеводородного сырья, включаются в налоговую базу?","-","-"
"Что происходит с неправильно удержанными суммами за причиненный материальный ущерб?","-","-"
"Какие работы по земляному полотну подъездных и внутризаводских железнодорожных путей предусмотрены в ГОСТ МДС 14-13.2000?","-","-"
"Какие условия освобождают от уголовной ответственности за участие в подготовке террористического акта?","-","-"
"В какие сроки должно быть составлено мотивированное решение суда по делу о публичном мероприятии?","-","-"
"Какая сумма налогового вычета применяется, если организация реализует проекты по созданию новых производственных мощностей по переработке этана и сжиженных углеводородных газов?","-","-"
"Что означает, что семена и племенной материал не явно отличаются от охраняемых сортов или пород?","-","-"
"Какие гарантии предоставляются работнику, усыновившему ребенка, в отношении отпусков?","-","-"
"Какой штраф предусмотрен за нарушение порядка рассмотрения жалоб на нарушение порядка предоставления государственной или муниципальной услуги?","-","-"
"Что регулирует Глава 24.1?","-","-"
"В каких случаях таможенный орган не направляет уведомление о неуплаченных суммах таможенных пошлин, налогов?","-","-"
"Какие положения Кодекса применяются при приватизации государственного и муниципального имущества?","-","-"
"Что происходит при неисполнении обязанности по уплате налога?","-","-"
"Какие дополнительные требования предъявляются к некоммерческой организации, если члены подают заявления о намерении принимать участие в заключении договоров подряда на подготовку проектной документации?","-","-"
"Какие образовательные программы могут быть реализованы без налогообложения?","-","-"
"В каких сферах коллективного управления может быть получена государственная аккредитация?","-","-"
"Какое наказание предусмотрено за незаконные действия по усыновлению (удочерению) детей, передаче их под опеку (попечительство), на воспитание в приемные семьи, совершенные неоднократно или из корыстных побуждений?","-","-"
"Можно ли изменить выбранный метод начисления амортизации? Если да, то с какой периодичностью?","-","-"
"Что грозит за производство, хранение, перевозку или сбыт товаров и продукции, не отвечающих требованиям безопасности?","-","-"
"Какова цель настоящего Положения?","-","-"
"Кто осуществляет снос самовольной постройки?","-","-"
"Что признаются однородными требованиями?","-","-"
"Какое наказание предусмотрено за нарушение требований пожарной безопасности, если это повлекло по неосторожности причинение тяжкого вреда здоровью человека?","-","-"
"Что такое инвестиционный налоговый вычет и как он влияет на уменьшение доходов от реализации объекта основных средств?","-","-"
"Какой штраф грозит председателю или члену избирательной комиссии, комиссии референдума за нарушение установленного законом порядка подсчета голосов?","-","-"
"Какие гарантии и льготы предоставляются лицам, воспитывающим детей без матери?","-","-"
"Каковы лимиты на учетный период для суммированного учета рабочего времени?","-","-"
"Какое административное наказание предусмотрено за нарушение сроков обслуживания и погашения государственного (муниципального) долга?","-","-"
"Могут ли собственники установить взнос на капитальный ремонт выше минимального?","-","-"
"Какие действия должен предпринять налоговый орган после принятия решения об отказе, приостановлении, возобновлении или аннулировании свидетельства?","-","-"
"Какие решения принимаются о подготовке и реализации бюджетных инвестиций в объекты государственной собственности Российской Федерации, находящиеся в оперативном управлении или хозяйственном ведении федеральных государственных учреждений стоимостью менее 3 миллиардов рублей?","-","-"
"Что происходит с пунктами 3.1 и 4 статьи 183?","-","-"
"Какой ГОСТ определяет стоимость 1 м² общей площади для культурно-бытового строительства?","-","-"
"Какие сведения подлежат указанию в декларации на товары в отношении сделки с товарами и ее условий?","-","-"
"Какие права и ответственности разъясняются специалисту?","-","-"
"Какие ставки используются для определения платежей по процентам за кредиты банков?","-","-"
"Что делать водителю, если документы о ДТП не могут быть оформлены без участия сотрудников полиции?","-","-"
"Какие меры наказания управляющего проекта за неудачное управление конкурентностью работников указаны в ГОСТ МДС 80-2.2000?","-","-"
"Какие регионы освобождаются от уплаты налога на прибыль?","-","-"
"Какие основания существуют для отказа в открытии лицевого счета участнику казначейского сопровождения?","-","-"
"Какие сроки и процедуры заключения соглашений о недопущении конкуренции описаны в ГОСТ МДС 80-2.2000?","-","-"
"Что может требовать правообладатель в случае незаконного использования товарного знака?","-","-"
"Какие телефонные номера доступны для бесплатной юридической консультации в регионах России?","-","-"
"Какие лица не требуют членства в саморегулируемых организациях при выполнении работ по договорам строительного подряда с федеральными органами исполнительной власти?","-","-"
"Какой штраф может быть наложен на граждан за незаконное перемещение физическими лицами табачной продукции, не маркированной специальными (акцизными) марками?","-","-"
"Что происходит с решениями иностранных судов, которые не требуют принудительного исполнения?","-","-"
"В каких случаях законные представители могут передать земельные участки, наследуемые несовершеннолетними, в аренду?","-","-"
"В какие сроки должна быть представлена транзитная декларация при перевозке товаров автомобильным транспортом?","-","-"
"Как устанавливаются порядок и сроки внесения платы за подключение объектов капитального строительства?","-","-"
"На что не имеют права участники судебных прений?","-","-"
"Какой максимальный срок лишения свободы может быть назначен за нарушение требований по защите государственной тайны?","-","-"
"Что такое совместная собственность?","-","-"
"Можно ли применять разные налоговые ставки в зависимости от покупателя?","-","-"
"Кто может заключить договор безвозмездного пользования лесным участком?","-","-"
"На основании каких сведений осуществляется постановка на учет иностранной организации через отделения некоммерческих неправительственных организаций?","-","-"
"Какие условия должны соблюдаться при вселении граждан, постоянно проживающих с нанимателем?","-","-"
"Что происходит, если налогоплательщик не уплатил или не полностью уплатил суммы, указанные в требовании об уплате налога и процентов?","-","-"
"Какие переходные положения существуют для свободных складов, владельцы которых включены в реестр владельцев свободных складов до 1 мая 2010 г.?","-","-"
"Что такое зоны с особыми условиями использования земель?","-","-"
"Какие законодательные акты лежат в основе Рекомендаций? (ГОСТ)","-","-"
"Какие операции по управлению остатками средств на едином счете местного бюджета включают привлечение средств?","-","-"
"Какие товары Союза могут быть использованы при переработке иностранных товаров?","-","-"
"Какие требования к оценке результатов конкурентности работников указаны в ГОСТ МДС 80-2.2000?","-","-"
"Какие административные правонарушения имеют срок давности привлечения к ответственности два месяца?","-","-"
"Какие законы регулируют установление транспортного налога?","-","-"
"Как долго должен работодатель ждать перед тем, как принять окончательное решение об увольнении?","-","-"
"По каким основаниям судья оставляет без движения административное искове заявление о признании нормативного правового акта недействующим?","-","-"
"Какие подотраслевые индексы существуют?","-","-"
"Какие предприятия и учреждения охватываются рекомендациями?","-","-"
"Какой стандарт (ГОСТ) регламентирует площадь гранитной брусчатки?","-","-"
"Какие классы материалов представлены в Приложении 5 согласно ГОСТ?","-","-"
"Какие данные необходимы для определения потребности в воде и газе для коммунально-бытовых и промышленных нужд согласно ГОСТ МДС 11-7.2000?","-","-"
"Какие объекты проектирования указаны в таблице 4 согласно СНиП?","-","-"
"Какие иные объекты, территории и зоны отображаются на картах?","-","-"
"Какие права имеет юридическое лицо на доступ к материалам дела?","-","-"
"Что влечет нарушение порядка и (или) сроков передачи налогоплательщиками сведений о произведенных расчетах при реализации товаров (работ, услуг, имущественных прав)?","-","-"
"Какие средства должны быть в портах для защиты окружающей среды?","-","-"
"Как устанавливается минимальный размер взноса на капитальный ремонт?","-","-"
"Из каких источников формируются бюджетные ассигнования дорожного фонда субъекта Российской Федерации?","-","-"
"Что подразумевается под возвращенным жертвователю денежным эквивалентом недвижимого имущества и ценных бумаг?","-","-"
"Какие обосновывающие документы требуются для расчета командировочных расходов согласно ГОСТ МДС 81-7.2000?","-","-"
"Как корректируются показатели затрат труда пусконаладочного персонала?","-","-"
"Какова процедура назначения членов предварительной квалификационной комиссии согласно ГОСТ МДС 80-5.2000?","-","-"
"Какие ГОСТы или СНиПы определяют составление сметной документации в текущих ценах?","-","-"
"Что происходит в случае нарушения требований к инвестиционному соглашению?","-","-"
"Какая форма используется для предоставления информации о выплатах из средств компенсационного фонда?","-","-"
"Какова сметная стоимость стекла матового полированного витринного по ГОСТ МДС 81-10.2000?","-","-"
"Какие штрафы предусмотрены для должностных лиц за нарушения, предусмотренные частью 1 статьи 6.34?","-","-"
"Как определяется методика расчета стоимости строительства в валюте страны строительства в разделе 4 документа, регламентированного ГОСТом МДС 81-21.2000?","-","-"
"На какой основе осуществляются перевозки грузов, пассажиров и их багажа, буксировка судов и плавучих объектов, погрузка и выгрузка грузов, оказание услуг в речных портах?","-","-"
"Какие коэффициенты применяются к базовой цене проектирования театров для двух или более трупп согласно СНиП?","-","-"
"Кто осуществляет государственное регулирование деятельности в области государственной авиации?","-","-"
"Как можно подать исковое заявление, заявление, жалобу, представление и иные документы в арбитражный суд?","-","-"
"Какие организации разработали этот документ? (ГОСТ)","-","-"
"В какие сроки лицо, лишенное специального права, должно сдать документы?","-","-"
"В каких условиях применяется метод триангуляции согласно СНиП 3.01.03-84?","-","-"
"Какие действия должен выполнить ответственный за безопасную эксплуатацию котельной согласно ГОСТ МДС 13-18.2000?","-","-"
"Какие органы исполнительной власти субъектов Российской Федерации осуществляют региональный государственный надзор в области технического состояния самоходных машин и других видов техники?","-","-"
"Как уплачиваются взносы на капитальный ремонт собственниками нежилых помещений?","-","-"
"Какие показатели электроснабжения и электрооборудования указаны для фабрики массовой печати кинофильмов мощностью 150 млн. м пленки в год согласно СНиП?","-","-"
"Какие объекты относятся к объектам, указанным в пункте 5.1 статьи 6 настоящего Кодекса?","-","-"
"Какие страны, кроме Афганистана, упоминаются в тексте?","-","-"
"Какой коэффициент-дефлятор применяется к налоговой ставке на антрацит?","-","-"
"Что такое хранение вещей с обезличением по статье 890 ГК РФ?","-","-"
"На какие транспортные средства устанавливаются проблесковые маячки желтого или оранжевого цвета?","-","-"
"В каких случаях протокол об административном правонарушении не составляется, а постановление выносится без участия лица, в отношении которого возбуждено дело?","-","-"
"Кто принимает окончательное решение в случае разногласий между заказчиком проекта, генпроектировщиком объекта и органами, выдающими технические условия и участвующими в согласовании задания?","-","-"
"Каковы коэффициенты к минимальной заработной плате для нарушений категории «Б» согласно ГОСТ МДС 17-13.2000?","-","-"
"Как интерпретировать шифр таблиц ФЕРм?","-","-"
"На какие территории разрабатывается проект районной планировки согласно ГОСТ МДС 11-7.2000?","-","-"
"За сколько времени до срока представления оферт должно быть произведено объявление о торгах?","-","-"
"Кто обязан страховать транспортное средство и (или) страховать ответственность за ущерб, который может быть причинен им или в связи с его эксплуатацией, если такое страхование является обязательным?","-","-"
"Какие работы и затраты не включаются в сводный расчет стоимости строительства?","-","-"
"Каков размер административного штрафа для юридических лиц за нарушение процесса функционирования единой системы идентификации и аутентификации?","-","-"
"Какие действия может предпринять суд в предварительном заседании?","-","-"
"Какие работы не включены в состав пусконаладочных работ согласно ГОСТу МДС 81-8.2000?","-","-"
"Какие данные должны быть указаны в итоговой строке формы протокола согласования затрат российских организаций в смешанных ценах согласно ГОСТу МДС 81-21.2000?","-","-"
"В каких случаях оспаривание займа по безденежности не допускается?","-","-"
"Как определяется размер возмещения при приведении параметров зданий, сооружений в соответствие с установленными требованиями?","-","-"
"Какой штраф предусмотрен за допуск к управлению транспортным средством водителя, не имеющего российского национального водительского удостоверения?","-","-"
"Какова производительность установки осушки природного газа (однопоточная) согласно ГОСТу МДС 81-8.2000?","-","-"
"Какие долговые обязательства субъекта Российской Федерации могут быть среднесрочными?","-","-"
"Какие регионы относятся к районам Крайнего Севера в Мурманской области?","-","-"
"Что запрещено водителю после ДТП?","-","-"
"В каких случаях суд может взыскать алименты в твердой денежной сумме?","-","-"
"Кто составляет проекты бюджетов государственных внебюджетных фондов Российской Федерации?","-","-"
"Какие работы включает в себя возобновление защитного слоя в железобетонных конструкциях каналов и камер согласно ГОСТ МДС 14-13.2000?","-","-"
"На каком сайте можно найти комментарии к статьям?","-","-"
"На каком сайте можно найти комментарии к статьям?","-","-"
"На каком сайте можно найти комментарии к статьям?","-","-"
"Какие требования к устойчивости фонарей к воздействию радиационных факторов предъявляет ГОСТ МДС 31-8.2002?","-","-"
"Какие основные задачи Государственной жилищной инспекции по контролю за использованием, содержанием и ремонтом жилищного фонда приведены в МДС 17-13.2000?","-","-"
"Что такое единая методология бюджетного учета и бюджетной отчетности?","-","-"
"Кто выполняет распоряжения диспетчерских органов о отключении электрической энергии?","-","-"
"Какие преимущества имеют средства индивидуализации, исключительное право на которые возникло ранее?","-","-"
"В каких случаях государственная пошлина не уплачивается при пересылке свидетельств и документов в соответствии с международными договорами?","-","-"
"Как вносятся сведения о характеристиках древесины в государственный лесной реестр?","-","-"
"Что включает техническая приемка перед монтажом конструкций фонарей согласно ГОСТ МДС 31-8.2002?","-","-"
"Какие документы регулируют оптовые цены на оборудование?","-","-"
"Какие виды грантов не подлежат налогообложению?","-","-"
"Является ли ассоциация (союз) собственником своего имущества?","-","-"
"Что такое постоянное местонахождение иностранной организации?","-","-"
"Что влечет наложение административного штрафа на должностных лиц за нарушение правил эксплуатации, неиспользование сооружений, оборудования или аппаратуры для очистки газов и контроля выбросов вредных веществ в атмосферный воздух?","-","-"
"Какое наименование должно быть присвоено выпуску проектной документации?","-","-"
"Препятствует ли прекращение производства обращению других лиц?","-","-"
"В каких случаях судебные расходы, понесенные судом, взыскиваются с административного ответчика?","-","-"
"Какова цель документа МДС 41-3.2000?","-","-"
"Как определяется рыночная стоимость земельного участка, если разрешенное использование изменено для строительства объектов федерального значения?","-","-"
"Какие дополнительные выплаты стимулирующего характера учитываются в расчетах согласно ГОСТ МДС 81-7.2000?","-","-"
"Какая средняя температура за июль в Печоре согласно ГОСТ МДС 31-8.2002?","-","-"
"Какая специальная информационная дорожка должна предусматриваться в зале для специальной физической подготовки инвалидов согласно ГОСТ МДС 35-7.2000?","-","-"
"Какова важность правильного реагирования на запросы заказчиков, согласно ГОСТ МДС 11-11.2000?","-","-"
"Какова ответственность за нарушение правил использования на территории Российской Федерации спутниковых сетей связи, находящихся под юрисдикцией иностранных государств, для должностных лиц?","-","-"
"Какие статьи КоАП рассматривают судьи, если дело возбуждено инспектором Счетной палаты Российской Федерации, согласно пункту 1.1 статьи 23.1?","-","-"
"Кто должен подписывать диагностическую карту крана согласно ТИПОВЫМ НОРМАМ?","-","-"
"Какие полномочия имеют законные представители?","-","-"
"Когда считается дата подачи заявки на товарный знак?","-","-"
"Какое заключение должен дать эксперт?","-","-"
"Какой СНиП документа указан в методических рекомендациях по разработке сборников ресурсных сметных норм на монтаж оборудования?","-","-"
"Какие требования к увеличению пропускной способности существующей сети и производительности подогревательной и насосной установок должны быть указаны в технических условиях согласно СНиП?","-","-"
"Какие требования предъявляются к технической документации на узел учета?","-","-"
"Какой ГОСТ или СНиП определяет методику расчета сметной прибыли?","-","-"
"Какие организации могут разрабатывать и применять собственные РСН на монтируемое ими оборудование согласно МДС 81-13.2000?","-","-"
"Каков максимальный срок наказания по совокупности приговоров, если оно менее строгое, чем лишение свободы?","-","-"
"Какие лицензии должны иметь инженерно-консультационные организации?","-","-"
"Что влечет наложение административного штрафа по статье 16.8?","-","-"
"Какой минимальный уровень расчетных налоговых доходов должен быть установлен?","-","-"
"Какая дата указывается в постановлении о досрочном прекращении исполнения административного наказания?","-","-"
"Какие работы по усилению стропильных ног предусмотрены в соответствии с ГОСТ МДС 14-13.2000?","-","-"
"Какие отходы приобретают статус иностранных товаров?","-","-"
"Какие действия может совершать представитель в арбитражном суде?","-","-"
"Какие сроки давности привлечения к административной ответственности должны быть учтены?","-","-"
"Какие документы регулируют порядок исчисления налогов на пользователей автомобильных дорог согласно ГОСТ МДС 81-23.2000?","-","-"
"Как проводится предварительное судебное заседание?","-","-"
"Какие данные используются для определения средств на обеспечение периода гарантийной эксплуатации, согласно ГОСТ МДС 81-21.2000?","-","-"
"Как определяется коэффициент теплоотдачи ограждения согласно ГОСТ МДС 31-8.2002?","-","-"
"Какой СНиП определяет стоимость строительства в уровне цен I кв. 1993 г.?","-","-"
"Как определяется подрядные торги в ГОСТ МДС-80-8.2000?","-","-"
"Как подсудимый может быть удален из зала заседания?","-","-"
"Какова основная задача генеральной схемы расселения, природопользования и территориальной организации производительных сил Российской Федерации, согласно ГОСТ МДС 11-7.2000?","-","-"
"Какой индекс изменения стоимости СМР был в Читинской области в I кв. 1993 г. по сравнению с базисным уровнем на 01.01.91 согласно МДС 81-9.2000?","-","-"
"Как изменяются максимальные суммы банковских гарантий для банков, у которых утвержден план по предупреждению банкротства?","-","-"
"Что означает ""посягательство на жизнь сотрудника правоохранительного органа""?","-","-"
"Какие решения должны быть заранее продуманы для эффективного использования строительных механизмов согласно ГОСТ МДС 14-13.2000?","-","-"
"Какая сумма государственной пошлины установлена за выдачу удостоверения эксперта по культурным ценностям?","-","-"
"Что происходит, если соответствующей статьей Особенной части УК РФ предусмотрены смертная казнь или пожизненное лишение свободы, согласно статье 65 УК РФ?","-","-"
"Что происходит, если выручка за реализуемые товары поступает на счета нескольких организаций?","-","-"
"Каков размер штрафа за представление заведомо недостоверных сведений, предусмотренных законодательством об иностранных инвестициях на территории Российской Федерации?","-","-"
"Какие статьи КоАП рассматривают органы, осуществляющие государственный надзор в области охраны и использования особо охраняемых природных территорий, в части нарушения водоохранного режима на водосборах подземных водных объектов?","-","-"
"Какой срок отсрочки или рассрочки уплаты ввозных таможенных пошлин может быть предоставлен?","-","-"
"В каких случаях допускается предусматривать совмещенное освещение согласно ГОСТ МДС 31-8.2002?","-","-"
"Какие права управляющего проектом предусмотрены в МДС 11-11.2000?","-","-"
"В какие сроки должно быть уведомление об одностороннем отказе от договора аренды земельного участка?","-","-"
"Как может осуществляться разработка проектно-сметной документации на капитальный ремонт сложных объектов согласно ГОСТ МДС 14-13.2000?","-","-"
"Что означает ""запреты и ограничения"" в статье 143?","-","-"
"Какие ключевые термины и определения приведены в разделе 'Общие положения' ГОСТ МДС 81-13.2000?","-","-"
"Какие исключения предусмотрены ГОСТ МДС 81-8.2000 для финансирования пусконаладочных работ в детских учреждениях, школах и домах-интернатах?","-","-"
"Какой разряд зрительной работы установлен для лестничных клеток согласно ГОСТ МДС 31-8.2002?","-","-"
"Что такое субсидии на оплату жилого помещения и коммунальных услуг?","-","-"
"Может ли законодательство государств-членов устанавливать иные основания для исключения таможенного перевозчика из реестра?","-","-"
"Какие документы необходимы для подтверждения права на имущественный налоговый вычет при приобретении прав на квартиру, комнату или долю в строящемся доме?","-","-"
"Как определяются правомочия доверительного управляющего по распоряжению ценными бумагами?","-","-"
"В какие сроки должны быть выданы или направлены решения о предоставлении жилых помещений по договорам социального найма?","-","-"
"Какие меры предписаны ГОСТ МДС 17-13.2000 при протекании канализационной сети?","-","-"
"Какие требования предъявляются к разработке альтернативного варианта оферты согласно ГОСТ МДС-80-8.2000?","-","-"
"В каких случаях срок пребывания руководителя научной организации в должности может быть продлен?","-","-"
"Как федеральный орган исполнительной власти уведомляет организацию о результате взаимосогласительной процедуры?","-","-"
"В каких случаях налогоплательщик - участник соглашения о защите и поощрении капиталовложений может уменьшать подлежащие уплате суммы налогов?","-","-"
"Кто обязан представлять уведомления об участии в международной группе компаний?","-","-"
"Может ли принципал ссылаться на отсутствие у агента надлежащих полномочий в отношениях с третьими лицами?","-","-"
"Какой штраф предусмотрен за представление странового отчета, содержащего недостоверные сведения?","-","-"
"Какие требования к отчетности об исполнении государственного (муниципального) задания должны быть указаны?","-","-"
"Как уполномоченный орган выдает заключение об исчезновении характерных условий?","-","-"
"Кто проводит экспертизу?","-","-"
"Проводится ли предварительное судебное заседание в делах, рассматриваемых в порядке упрощенного производства?","-","-"
"Кто осуществляет контроль за межбюджетными субсидиями, субвенциями, трансфертами и кредитами?","-","-"
"Что такое «договорное потребление теплоносителя» в документе МДС 41-3.2000?","-","-"
"Что грозит индивидуальным предпринимателям за нарушение обязательных требований при обращении драгоценных металлов, драгоценных камней и продукции из них?","-","-"
"Какую роль играет управляющий проектом в выборе и согласовании места размещения объекта по ГОСТ МДС 11-11.2000?","-","-"
"Какие требования предъявляются к эксплуатации теплопотребляющих установок и тепловых сетей абонентом согласно ГОСТ?","-","-"
"Какие финансовые показатели должны быть указаны в форме 'Опыт работы претендента по самому крупному построенному объекту сопоставимого вида и объем работы в России или за рубежом' согласно ГОСТ МДС 80-5.2000?","-","-"
"Какие действия необходимо предпринять при обнаружении неисправности расположенных на крыше карнизов, водоотводящих устройств, ограждений, гильз, анкеров, устройств молниезащиты согласно ГОСТ МДС 17-13.2000?","-","-"
"Как уведомляется подозреваемый или обвиняемый о принятых мерах?","-","-"
"Какие источники информации используются для определения текущих цен на материальные ресурсы в МДС 81-14.2000?","-","-"
"Какие работы по утеплению зданий должны быть выполнены согласно ГОСТ МДС 13-18.2000?","-","-"
"Когда не допускается раздел, перераспределение или выдел земельных участков, если сохраняемые обременения не позволяют использовать земельные участки в соответствии с разрешенным использованием?","-","-"
"Какова периодичность капитального ремонта металлической кровли согласно ГОСТ МДС 14-13.2000?","-","-"
"Какие телефоны доступны для бесплатной юридической консультации в регионах России?","-","-"
"Какая информация должна быть указана в журнале учета проверки знаний норм, правил, инструкций согласно ГОСТ МДС 15-13.2000?","-","-"
"По каким основаниям заявитель не допускается к участию в аукционе?","-","-"
"В каких случаях осужденные могут содержаться в одиночных камерах?","-","-"
"Как проводятся повторные измерения времени падения уровня воды?","-","-"
"Какое название имеет документ, регламентирующий использование текущих и прогнозных индексов стоимости при составлении сметной документации? (ГОСТ МДС 81-9.2000)","-","-"
"Какие специальные знания могут потребоваться при составлении диспаши?","-","-"
"Как должны быть закрыты проемы и отверстия при работе геодезиста на монтажном горизонте в СНиП 3.01.03-84?","-","-"
"Кто может рассматривать дела об административных правонарушениях от имени органов, осуществляющих контроль в сфере естественных монополий?","-","-"
"Какие виды технического обслуживания и ремонта предусмотрены для кранов башенных с грузовым моментом до 25 тм согласно ТИПОВЫМ НОРМАМ?","-","-"
"Какие работы необходимо выполнить для подготовки систем горячего водоснабжения, согласно ГОСТ МДС 13-18.2000?","-","-"
"Что происходит, если обеспеченное обязательство было изменено без согласия поручителя?","-","-"
"Какие методы могут использоваться для построения геодезических сетей сгущения согласно СНиП 3.01.03-84?","-","-"
"При каких обстоятельствах прекращается обязанность по уплате ввозных таможенных пошлин, налогов, специальных, антидемпинговых, компенсационных пошлин в отношении иностранных товаров, перемещаемых трубопроводным транспортом, согласно статье 295?","-","-"
"Какие методы используются для проверки прямолинейности оси труб в горизонтальной плоскости согласно СНиП 3.01.03-84?","-","-"
"Как и когда уплачиваются авансовые платежи и налог?","-","-"
"Какие данные должны быть указаны в определении судебной коллегии Верховного Суда Российской Федерации?","-","-"
"Какие действия предпринимаются при выявлении дефектов в ходе технического осмотра согласно ГОСТ МДС 14-13.2000?","-","-"
"Что предусмотрено частью 2 статьи 20.2 КоАП РФ?","-","-"
"Как можно обжаловать решение арбитражного суда первой инстанции в апелляционную инстанцию?","-","-"
"Кто уполномочен проводить расследование аварий и инцидентов на море?","-","-"
"Какие требования предъявляются к допросу обвиняемого?","-","-"
"Что такое ""лабиринт"" в контексте ГОСТ МДС 35-7.2000?","-","-"
"Что такое оборудование негабаритное (крупногабаритное) согласно Указаниям по применению федеральных единичных расценок на монтаж оборудования (ФЕРм-2001)?","-","-"
"Что считается контрафактными товарами?","-","-"
"Какой документ регулирует порядок определения плательщиков специального налога?","-","-"
"Какие требования к размерам самонесущих элементов зенитных фонарей согласно ГОСТ МДС 31-8.2002?","-","-"
"Какие проценты предусмотрены для разработки вариантов проектных решений отдельных элементов зданий? (СНиП)","-","-"
"Какие данные должны быть занесены в удостоверение о проверке знаний на первой странице согласно ГОСТ МДС 15-13.2000?","-","-"
"Как определяется стоимость оборудования при отсутствии укрупненных нормативов или объектов-аналогов?","-","-"
"Какие объекты включены в Главу 4 Справочника? (Объекты образования и дошкольных учреждений)","-","-"
"Какое состояние должна иметь водопроводно-канализационная система согласно ГОСТ МДС 13-18.2000?","-","-"
"Как определяется стоимость блок-секций, разрабатываемых на основе базовой блок-секции? (с коэффициентом до 0,7)","-","-"
"При каких условиях может быть назначено принудительное лечение в стационарных условиях общего типа?","-","-"
"Какие документы должны быть приложены к административному исковому заявлению?","-","-"
"Кто обязан возмещать убытки согласно пункту 8 статьи 57.1?","-","-"
"Какие действия может совершать председатель правления без одобрения правления или общего собрания?","-","-"
"Какие обязанности возлагаются на теплоснабжающую организацию в случае запроса абонента на результаты расчетов? (п. 44)","-","-"
"Что представляют собой платежи по договорам добровольного личного страхования?","-","-"
"Какие ГОСТы или СНиПы регламентируют сметные нормы и расценки на строительные работы (СНиР-91)?","-","-"
"Какие неисправности котлов и оборудования должны быть устранены согласно ГОСТ МДС 13-18.2000?","-","-"
"Какую шкалу ареометра следует использовать при навернутом объемном грузе согласно ГОСТ (к СНиП 3.02.01-83)?","-","-"
"Какие документы и соглашения могут влиять на установление размера платы за наем жилого помещения?","-","-"
"Какой ГОСТ или СНиП регулирует расчет стоимости строительства в базисном уровне цен?","-","-"
"Что грозит за непредставление оператором связи, собственником или иным владельцем технологической сети связи, имеющими уникальный идентификатор совокупности средств связи и иных технических средств в информационно-телекоммуникационной сети ""Интернет"", информации, представление которой предусмотрено Федеральным законом от 7 июля 2003 года N 126-ФЗ ""О связи""?","-","-"
"Что такое обезжиривание согласно Указаниям по применению федеральных единичных расценок на монтаж оборудования (ФЕРм-2001)?","-","-"
"Как формируются ресурсно-технологические модели (РТМ)?","-","-"
"Какова периодичность капитального ремонта металлических ферм согласно ГОСТ МДС 14-13.2000?","-","-"
"Кто может входить в группу ОГП по СНиП 3.01.03-84?","-","-"
"Как действует гексаметафосфат натрия на глинистый раствор и цементные растворы согласно ГОСТ (к СНиП 3.02.01-83)?","-","-"
"Кто утверждает формы бланков исполнительных листов и порядок их изготовления, учета, хранения и уничтожения?","-","-"
"Какое наказание предусмотрено за регистрацию заведомо незаконных сделок с недвижимым имуществом, умышленное искажение сведений государственного кадастра недвижимости и (или) Единого государственного реестра прав на недвижимое имущество и сделок с ним, а равно занижение кадастровой стоимости объектов недвижимости?","-","-"
"Какие телефоны доступны для бесплатной юридической консультации в Санкт-Петербурге и Ленинградской области?","-","-"
"Какие телефоны доступны для бесплатной юридической консультации в Санкт-Петербурге и Ленинградской области?","-","-"
"Какие телефоны доступны для бесплатной юридической консультации в Санкт-Петербурге и Ленинградской области?","-","-"
"Какие телефоны доступны для бесплатной юридической консультации в Санкт-Петербурге и Ленинградской области?","-","-"
"Как устанавливается порядок мониторинга разработки и утверждения программ комплексного развития систем коммунальной, транспортной и социальной инфраструктуры?","-","-"
"В какой очередности переносятся убытки на будущие налоговые периоды?","-","-"
"Какие ГОСТы или СНиПы регулируют проектирование комплексных приемных пунктов, включая парикмахерские и другие виды бытовых услуг?","-","-"
"Какой предел огнестойкости должен быть у кровельного покрытия согласно ГОСТ МДС-80-8.2000?","-","-"
"Какие каналы массовой рекламы непригодны для маркетинга проектной продукции, согласно ГОСТ МДС 11-11.2000?","-","-"
"Какие нормативные документы и методические указания перечислены в ГОСТ МДС 81-30.2002 для расчета стоимости дорожных работ?","-","-"
"Какие коэффициенты применяются к затратам на демонтаж легковесного и габаритного оборудования, не подлежащего дальнейшему использованию, с разборкой и резкой на части согласно Указаниям по применению ФЕРм-2001?","-","-"
"Какие права имеет осужденный к смертной казни?","-","-"
"Какие меры предупреждают отклонения инъекторов и скважин от проектного направления согласно ГОСТ (к СНиП 3.02.01-83)?","-","-"
"Как исчисляется и уплачивается налог на доходы, полученные в виде дивидендов по акциям российских организаций?","-","-"
"Какие телефоны доступны для бесплатной юридической консультации в Москве и Московской области?","-","-"
"Какие телефоны доступны для бесплатной юридической консультации в Москве и Московской области?","-","-"
"Какие телефоны доступны для бесплатной юридической консультации в Москве и Московской области?","-","-"
"Какие телефоны доступны для бесплатной юридической консультации в Москве и Московской области?","-","-"
"Как вручаются судебные извещения через дипломатические каналы?","-","-"
"Что должно содержать решение о порядке следования осужденного к месту отбывания наказания в случае назначения ему отбывания лишения свободы в колонии-поселении в резолютивной части обвинительного приговора?","-","-"
"Кто определяет места отбывания исправительных работ для осужденных, не имеющих основного места работы?","-","-"
"Как регулируется оборот земельных участков?","-","-"
"Как можно предотвратить самовольное использование товарного знака, фирменного наименования или марки проектной продукции конкурента согласно ГОСТ МДС 80-2.2000?","-","-"
"Какая ставка сбора установлена за прочие объекты водных биологических ресурсов?","-","-"
"С какого момента считается исполненным договор розничной купли-продажи товара по образцам?","-","-"
"Какие телефоны можно использовать для бесплатной юридической консультации в Санкт-Петербурге и Ленинградской области?","-","-"
"Какие элементы включаются в комплексы упражнений подготовительных занятий для инвалидов по ГОСТ МДС 35-7.2000?","-","-"
"Какие данные из технического журнала используются для составления дефектных ведомостей по МДС 14-13.2000?","-","-"
"Какой телефон указан для бесплатной юридической консультации в регионах РФ?","-","-"
"Как учитываются доходы, связанные с операциями РЕПО по ценным бумагам, являющимся объектом операций займа?","-","-"
"Какие цели преследуются при технических осмотрах согласно МДС 14-13.2000?","-","-"
"Кто представляет казначейскую отчетность в Министерство финансов Российской Федерации?","-","-"
"Какие основные положения описаны в разделе 1.1 ГОСТ МДС 80-3.2000?","-","-"
"Какие особенности определения налоговой базы могут быть установлены?","-","-"
"Какие сведения могут запрашивать представители работников у работодателя по вопросам введения технологических изменений?","-","-"
"Что означает пункт 11 в перечне операций с подакцизными товарами?","-","-"
"Как проводятся общественные обсуждения или публичные слушания по проекту решения о предоставлении разрешения на условно разрешенный вид использования земельного участка?","-","-"
"Что происходит с сроком действия трудового договора при переводе на должность научного работника в результате избрания по конкурсу?","-","-"
"Какие условия содержания предусмотрены для осужденных к смертной казни, в отношении которых приговор суда вступил в законную силу, но вопрос о помиловании не решен?","-","-"
"Какие административные правонарушения может рассматривать федеральный орган исполнительной власти, осуществляющий функции по контролю и надзору в финансово-бюджетной сфере, согласно статье 23.7?","-","-"
"Какие требования предъявляет ГОСТ МДС 17-13.2000 к утеплению трубопроводов, наличию или неисправности освещения продухов?","-","-"
"Что такое совокупность преступлений согласно статье 17 Уголовного кодекса РФ?","-","-"
"Какое значение коэффициента принимается до начала применения налоговой ставки налога на прибыль организаций?","-","-"
"Какие коэффициенты разрабатываются для учета изменений условий производства работ согласно ГОСТ МДС 81-10.2000?","-","-"
"Как рассчитываются индексы цен на строительно-монтажные работы согласно ГОСТу?","-","-"
"Какие доказательства могут быть исследованы при рассмотрении материалов налоговой проверки?","-","-"
"Какое решение о разработке проектной документации в сокращенном объеме должно быть включено в задание?","-","-"
"Какие меры предпринимаются в случае повреждения каналов связи?","-","-"
"Какой индекс изменения стоимости СМР был в Брянской области в IV кв. 1992 г. по сравнению с базисным уровнем на 01.01.91 согласно МДС 81-9.2000?","-","-"
"Какова стоимость строительных работ в II квартале 1993 года в текущем уровне цен?","-","-"
"Какие ГОСТы или СНиПы регулируют проектирование площадок для волейбола?","-","-"
"Каким образом крепятся элементы светопропускающего заполнения к опорным конструкциям согласно ГОСТ МДС 31-8.2002?","-","-"
"Какой период просрочки исполнения обязательства, обеспеченного залогом, считается допустимым?","-","-"
"Что происходит с затонувшим имуществом, если владелец отказывается от своих прав?","-","-"
"Что такое земли сельскохозяйственного назначения?","-","-"
"Какой способ выполнения работ по капитальному ремонту рекомендует ГОСТ МДС 14-13.2000?","-","-"
"Какие законы Российской Федерации устанавливают состав земель поселений?","-","-"
"Какие правила применяются к правам на исполнение, созданное в пределах установленных для работника (исполнителя) трудовых обязанностей?","-","-"
"Какие коэффициенты применяются при демонтаже сборных деревянных конструкций?","-","-"
"Какие технические характеристики и допуски для метода створных наблюдений приведены в СНиП 3.01.03-84?","-","-"
"Что означает, что решение суда первой инстанции может быть изменено или отменено, если нарушение привело или могло привести к принятию неправильного решения?","-","-"
"Могут ли органы государственной власти субъектов РФ устанавливать более высокие размеры районных коэффициентов?","-","-"
"Когда не признается реализацией товаров, работ или услуг?","-","-"
"Какие требования предъявляются к точности разбивки длин сторон опорного контура и измерению углов и линий согласно СНиП 3.01.03-84?","-","-"
"Какие задачи ставит перед собой руководство проектной организации при формировании антимонопольных воздействий согласно ГОСТ МДС 80-2.2000?","-","-"
"Какие лица могут участвовать в судебном заседании через веб-конференцию?","-","-"
"В какой форме выдается судебный приказ?","-","-"
"Какие товары приобретают статус товаров Союза после помещения под таможенную процедуру реимпорта?","-","-"
"Какие действия должен выполнять заказчик-застройщик в части передачи оборудования и материалов в монтаж?","-","-"
"Какие требования предъявляются к монтажу зенитных фонарей со светопропускающими элементами из листового стекла или стеклопакетов без установленных в световом проеме защитных металлических сеток согласно ГОСТ МДС 31-8.2002?","-","-"
"Что грозит за установку на передней части транспортного средства световых приборов с огнями красного цвета?","-","-"
"Какую дополнительную информацию о претенденте следует указывать в форме 'Наименование организации, фирмы, консорциума' согласно ГОСТ МДС 80-5.2000?","-","-"
"Какие действия предпринимают финансовые органы для установления порядка составления бюджетной отчетности?","-","-"
"Какой телефон можно использовать для бесплатной юридической консультации в регионах РФ?","-","-"
"В каком виде выдается судебный приказ?","-","-"
"Какие требования к фрагментам бортов ванн согласно ГОСТ МДС 35-7.2000?","-","-"
"Что должен делать правообладатель в случае изменения сведений о себе?","-","-"
"Какие расходы не учитываются при определении налоговой базы клиринговых организаций?","-","-"
"Какие действия должен предпринять перевозчик, если груз был принят для перевозки после наступления срока прекращения обязательного приема груза?","-","-"
"Что происходит, если банк несвоевременно зачисляет или списывает средства?","-","-"
"Могут ли клиринговые организации быть участниками консолидированной группы налогоплательщиков?","-","-"
"Какое наказание предусмотрено за незаконное получение сведений, составляющих государственную тайну?","-","-"
"Какая фирма представлена в списке основных характеристик изделий?","-","-"
"Какие требования к травмобезопасности комплексных игровых площадок указаны в ГОСТ МДС 35-7.2000?","-","-"
"Какое название имеет документ, регламентирующий проектирование и устройство фонарей для естественного освещения помещений согласно ГОСТ МДС 31-8.2002?","-","-"
"Какие требования предъявляет ГОСТ МДС 35-7.2000 к проектированию висячего моста?","-","-"
"Какие действия следует предпринять при обнаружении сквозных и волосных трещин согласно ТП-70 С., СНиП II-22-81, СНиП 2.03.01-84*?","-","-"
"Какие инвестиции не учитываются при расчете численности аппарата заказчика-застройщика согласно ГОСТ МДС 81-7.2000?","-","-"
"Как закладывают контрольные знаки перед началом бетонирования и подъема опалубки? (СНиП 3.01.03-84)","-","-"
"Кто имеет право на вознаграждение в соответствии с абзацем третьим пункта 2 статьи 1295?","-","-"
"Какой индекс изоляции воздушного шума (JB) должен быть согласно ГОСТ МДС-80-8.2000?","-","-"
"Какие требования к цветовым решениям для предотвращения чрезмерной яркости зон отдыха указаны в ГОСТ МДС 35-7.2000?","-","-"
"Как определяется прибыль (убыток) от реализации или выбытия амортизируемого имущества?","-","-"
"Как контролируется перенесение разбивочных осей в натуру согласно СНиП 3.01.03-84?","-","-"
"Какие основные данные должны быть включены в годовой план капитального ремонта согласно ГОСТ МДС 14-13.2000?","-","-"
"Какие изменения внесены в Закон ""Об акцизах"" в статье 3, пункте 2?","-","-"
"Какое согласие требуется для избрания меры пресечения в виде заключения под стражу в отношении судьи Конституционного Суда Российской Федерации?","-","-"
"Какие работы по заделке выбоин в цементных, бетонных и асфальтовых полах предусмотрены в ГОСТ МДС 14-13.2000?","-","-"
"Какие иные документы и материалы могут быть представлены?","-","-"
"Какой штраф предусмотрен для юридических лиц за непредставление или несвоевременное представление данных, позволяющих идентифицировать владельца программно-аппаратных средств доступа к информационным ресурсам, информационно-телекоммуникационным сетям, доступ к которым ограничен?","-","-"
"Как проверяется внешний облик построенного или реконструированного объекта?","-","-"
"Как часто следует проверять горизонтальность рядов кладки согласно СНиП 3.01.03-84?","-","-"
"Когда автор считается согласившимся на обнародование произведения?","-","-"
"Какие документы должны быть представлены для вычета акциза при использовании стали жидкой для производства продуктов металлургического производства?","-","-"
"Что влечет наложение административного штрафа в размере от одной тысячи пятисот до двух тысяч пятисот рублей с конфискацией форменной одежды, знаков различия, символики государственных военизированных организаций, правоохранительных или контролирующих органов согласно части 2 статьи 17.12?","-","-"
"Какие условия позволяют уполномоченным экономическим операторам выпускать товары до подачи декларации?","-","-"
"Какие требования к модульной конструкции зенитных фонарей согласно ГОСТ МДС 31-8.2002?","-","-"
"Какие нормативы отчислений установлены для налога на имущество физических лиц в бюджетах городских округов с внутригородским делением?","-","-"
"Как заполняется раздел 1 сводного сметного расчета при строительстве, осуществляемом в полном объеме силами и средствами иностранной firmы?","-","-"
"В каких случаях комиссионер может отступить от указаний комитента?","-","-"
"Какие действия запрещены в процессе эксплуатации согласно ГОСТ МДС 17-13.2000?","-","-"
"Какие тарифы страховых взносов применяются для плательщиков, указанных в подпунктах 5-9 пункта 1 статьи?","-","-"
"Какие данные о относительной просадочности просадочных лессовых грунтов необходимы для проектирования инъекционного химзакрепления согласно СНиП 3.02.01-83?","-","-"
"Какие данные представлены в столбце 'Генплан и транспорт' для санитарно-защитных зон в таблице 28 согласно СНиП?","-","-"
"Какие субсидии могут предоставляться юридическим лицам, являющимся стороной концессионных соглашений?","-","-"
"Какие ограничения могут препятствовать завершению строительства объектов незавершенного строительства?","-","-"
"В каких случаях доказательство может быть признано недопустимым?","-","-"
"Как долго может длиться экспертиза оферт?","-","-"
"Какое право применяется, если между сторонами обязательства не заключено соглашение о праве, подлежащем применению?","-","-"
"Какие дела об административных правонарушениях рассматривает федеральный орган исполнительной власти, осуществляющий функции в сфере деятельности войск национальной гвардии Российской Федерации?","-","-"
"Что происходит, если сторона анализируемой сделки не отвечает требованиям для сопоставления?","-","-"
"Какова максимальная влажность древесины должна быть согласно ГОСТ МДС 17-13.2000?","-","-"
"Какие сведения должны быть указаны в исковом заявлении?","-","-"
"Какие нарушения относятся к категории «В» согласно ГОСТ МДС 17-13.2000?","-","-"
"Что означает знак 3.33 ""Движение транспортных средств с взрывчатыми и легковоспламеняющимися грузами запрещено""?","-","-"
"Какие документы должны быть приложены к информации, предоставляемой налогоплательщиком?","-","-"
"Какие статьи КоАП рассматривают судьи районных судов, согласно пункту 4 статьи 23.1?","-","-"
"Какие действия рекомендуется проводить для сопоставления расценок на эксплуатацию строительных машин и тарифов на транспортные услуги согласно ГОСТ МДС 81-9.2000?","-","-"
"Какова стоимость комментариев к статьям на сайте https://nkodeksrf.ru/ для организаций?","-","-"
"Какие действия предпринимаются при невыполнении обязанностей по сносу самовольной постройки или ее приведению в соответствие с требованиями на земельном участке, не приобретенном иным лицом на публичных торгах?","-","-"
